phi_0,phi_1,phi_2,phi_3,phi_4
-2.6283238608399797,-3.3504154639825234,-2.211775235740376,-4.205266591837538,-4.421133627580229